"COUNTRY","Country","INDICATOR","Indicator","EDUCATION_LEV","Education level","REF_SECTOR","Reference sector","YEAR","Year","Value","Flag Codes","Flags"
"AUS","Australia","PERS_AVG_CLASS","Average class size","ISCED11_1","Primary education","INST_T","All public and private educational institutions","2013","2013",23.725,,
"AUS","Australia","PERS_AVG_CLASS","Average class size","ISCED11_1","Primary education","INST_T","All public and private educational institutions","2014","2014",23.859,,
"AUS","Australia","PERS_AVG_CLASS","Average class size","ISCED11_1","Primary education","INST_T","All public and private educational institutions","2015","2015",23.821,,
"AUS","Australia","PERS_AVG_CLASS","Average class size","ISCED11_1","Primary education","INST_T","All public and private educational institutions","2016","2016",23.669,,
"AUS","Australia","PERS_AVG_CLASS","Average class size","ISCED11_1","Primary education","INST_T","All public and private educational institutions","2017","2017",23.613,,
"AUS","Australia","PERS_AVG_CLASS","Average class size","ISCED11_1","Primary education","INST_T","All public and private educational institutions","2018","2018",23.471,,
"AUS","Australia","PERS_AVG_CLASS","Average class size","ISCED11_1","Primary education","INST_T","All public and private educational institutions","2019","2019",23.431,,
"AUS","Australia","PERS_AVG_CLASS","Average class size","ISCED11_1","Primary education","INST_T","All public and private educational institutions","2020","2020",23.581,,
"AUS","Australia","PERS_AVG_CLASS","Average class size","ISCED11_1","Primary education","INST_T","All public and private educational institutions","2021","2021",23.411,,
"AUT","Austria","PERS_AVG_CLASS","Average class size","ISCED11_1","Primary education","INST_T","All public and private educational institutions","2013","2013",18.298,,
"AUT","Austria","PERS_AVG_CLASS","Average class size","ISCED11_1","Primary education","INST_T","All public and private educational institutions","2014","2014",18.315,,
"AUT","Austria","PERS_AVG_CLASS","Average class size","ISCED11_1","Primary education","INST_T","All public and private educational institutions","2015","2015",18.328,,
"AUT","Austria","PERS_AVG_CLASS","Average class size","ISCED11_1","Primary education","INST_T","All public and private educational institutions","2016","2016",18.329,,
"AUT","Austria","PERS_AVG_CLASS","Average class size","ISCED11_1","Primary education","INST_T","All public and private educational institutions","2017","2017",18.448,,
"AUT","Austria","PERS_AVG_CLASS","Average class size","ISCED11_1","Primary education","INST_T","All public and private educational institutions","2018","2018",18.426,,
"AUT","Austria","PERS_AVG_CLASS","Average class size","ISCED11_1","Primary education","INST_T","All public and private educational institutions","2019","2019",18.279,,
"AUT","Austria","PERS_AVG_CLASS","Average class size","ISCED11_1","Primary education","INST_T","All public and private educational institutions","2020","2020",18.255,,
"AUT","Austria","PERS_AVG_CLASS","Average class size","ISCED11_1","Primary education","INST_T","All public and private educational institutions","2021","2021",18.267,,
"BEL","Belgium","PERS_AVG_CLASS","Average class size","ISCED11_1","Primary education","INST_T","All public and private educational institutions","2013","2013",,"o","Missing value"
"BEL","Belgium","PERS_AVG_CLASS","Average class size","ISCED11_1","Primary education","INST_T","All public and private educational institutions","2014","2014",,"o","Missing value"
"BEL","Belgium","PERS_AVG_CLASS","Average class size","ISCED11_1","Primary education","INST_T","All public and private educational institutions","2015","2015",,"o","Missing value"
"BEL","Belgium","PERS_AVG_CLASS","Average class size","ISCED11_1","Primary education","INST_T","All public and private educational institutions","2016","2016",,"o","Missing value"
"BEL","Belgium","PERS_AVG_CLASS","Average class size","ISCED11_1","Primary education","INST_T","All public and private educational institutions","2017","2017",,"o","Missing value"
"BEL","Belgium","PERS_AVG_CLASS","Average class size","ISCED11_1","Primary education","INST_T","All public and private educational institutions","2018","2018",,"o","Missing value"
"BEL","Belgium","PERS_AVG_CLASS","Average class size","ISCED11_1","Primary education","INST_T","All public and private educational institutions","2019","2019",,"o","Missing value"
"BEL","Belgium","PERS_AVG_CLASS","Average class size","ISCED11_1","Primary education","INST_T","All public and private educational institutions","2020","2020",,"o","Missing value"
"BEL","Belgium","PERS_AVG_CLASS","Average class size","ISCED11_1","Primary education","INST_T","All public and private educational institutions","2021","2021",,"m","Missing value; data cannot exist"
"CAN","Canada","PERS_AVG_CLASS","Average class size","ISCED11_1","Primary education","INST_T","All public and private educational institutions","2013","2013",,"o","Missing value"
"CAN","Canada","PERS_AVG_CLASS","Average class size","ISCED11_1","Primary education","INST_T","All public and private educational institutions","2014","2014",,"o","Missing value"
"CAN","Canada","PERS_AVG_CLASS","Average class size","ISCED11_1","Primary education","INST_T","All public and private educational institutions","2015","2015",,"o","Missing value"
"CAN","Canada","PERS_AVG_CLASS","Average class size","ISCED11_1","Primary education","INST_T","All public and private educational institutions","2016","2016",,"o","Missing value"
"CAN","Canada","PERS_AVG_CLASS","Average class size","ISCED11_1","Primary education","INST_T","All public and private educational institutions","2017","2017",,"o","Missing value"
"CAN","Canada","PERS_AVG_CLASS","Average class size","ISCED11_1","Primary education","INST_T","All public and private educational institutions","2018","2018",,"o","Missing value"
"CZE","Czechia","PERS_AVG_CLASS","Average class size","ISCED11_1","Primary education","INST_T","All public and private educational institutions","2013","2013",20.36,,
"CZE","Czechia","PERS_AVG_CLASS","Average class size","ISCED11_1","Primary education","INST_T","All public and private educational institutions","2014","2014",20.591,,
"CZE","Czechia","PERS_AVG_CLASS","Average class size","ISCED11_1","Primary education","INST_T","All public and private educational institutions","2015","2015",20.814,,
"CZE","Czechia","PERS_AVG_CLASS","Average class size","ISCED11_1","Primary education","INST_T","All public and private educational institutions","2016","2016",21.026,,
"CZE","Czechia","PERS_AVG_CLASS","Average class size","ISCED11_1","Primary education","INST_T","All public and private educational institutions","2017","2017",21.094,,
"CZE","Czechia","PERS_AVG_CLASS","Average class size","ISCED11_1","Primary education","INST_T","All public and private educational institutions","2018","2018",21.013,,
"CZE","Czechia","PERS_AVG_CLASS","Average class size","ISCED11_1","Primary education","INST_T","All public and private educational institutions","2019","2019",20.84,,
"CZE","Czechia","PERS_AVG_CLASS","Average class size","ISCED11_1","Primary education","INST_T","All public and private educational institutions","2020","2020",20.27,,
"CZE","Czechia","PERS_AVG_CLASS","Average class size","ISCED11_1","Primary education","INST_T","All public and private educational institutions","2021","2021",19.858,,
"DNK","Denmark","PERS_AVG_CLASS","Average class size","ISCED11_1","Primary education","INST_T","All public and private educational institutions","2013","2013",21.126,,
"DNK","Denmark","PERS_AVG_CLASS","Average class size","ISCED11_1","Primary education","INST_T","All public and private educational institutions","2014","2014",19.235,,
"DNK","Denmark","PERS_AVG_CLASS","Average class size","ISCED11_1","Primary education","INST_T","All public and private educational institutions","2015","2015",21.574,,
"DNK","Denmark","PERS_AVG_CLASS","Average class size","ISCED11_1","Primary education","INST_T","All public and private educational institutions","2016","2016",21.452,,
"DNK","Denmark","PERS_AVG_CLASS","Average class size","ISCED11_1","Primary education","INST_T","All public and private educational institutions","2017","2017",21.039,,
"DNK","Denmark","PERS_AVG_CLASS","Average class size","ISCED11_1","Primary education","INST_T","All public and private educational institutions","2018","2018",19.628,,
"DNK","Denmark","PERS_AVG_CLASS","Average class size","ISCED11_1","Primary education","INST_T","All public and private educational institutions","2019","2019",19.669,,
"DNK","Denmark","PERS_AVG_CLASS","Average class size","ISCED11_1","Primary education","INST_T","All public and private educational institutions","2020","2020",19.621,,
"DNK","Denmark","PERS_AVG_CLASS","Average class size","ISCED11_1","Primary education","INST_T","All public and private educational institutions","2021","2021",19.593,,
"FIN","Finland","PERS_AVG_CLASS","Average class size","ISCED11_1","Primary education","INST_T","All public and private educational institutions","2013","2013",19.036,,
"FIN","Finland","PERS_AVG_CLASS","Average class size","ISCED11_1","Primary education","INST_T","All public and private educational institutions","2014","2014",19.036,,
"FIN","Finland","PERS_AVG_CLASS","Average class size","ISCED11_1","Primary education","INST_T","All public and private educational institutions","2015","2015",19.035,,
"FIN","Finland","PERS_AVG_CLASS","Average class size","ISCED11_1","Primary education","INST_T","All public and private educational institutions","2016","2016",19.55,,
"FIN","Finland","PERS_AVG_CLASS","Average class size","ISCED11_1","Primary education","INST_T","All public and private educational institutions","2017","2017",19.55,,
"FIN","Finland","PERS_AVG_CLASS","Average class size","ISCED11_1","Primary education","INST_T","All public and private educational institutions","2018","2018",19.55,,
"FIN","Finland","PERS_AVG_CLASS","Average class size","ISCED11_1","Primary education","INST_T","All public and private educational institutions","2019","2019",19.549,,
"FIN","Finland","PERS_AVG_CLASS","Average class size","ISCED11_1","Primary education","INST_T","All public and private educational institutions","2020","2020",18.693,,
"FIN","Finland","PERS_AVG_CLASS","Average class size","ISCED11_1","Primary education","INST_T","All public and private educational institutions","2021","2021",18.693,,
"FRA","France","PERS_AVG_CLASS","Average class size","ISCED11_1","Primary education","INST_T","All public and private educational institutions","2013","2013",22.874,,
"FRA","France","PERS_AVG_CLASS","Average class size","ISCED11_1","Primary education","INST_T","All public and private educational institutions","2014","2014",23.472,,
"FRA","France","PERS_AVG_CLASS","Average class size","ISCED11_1","Primary education","INST_T","All public and private educational institutions","2015","2015",23.597,,
"FRA","France","PERS_AVG_CLASS","Average class size","ISCED11_1","Primary education","INST_T","All public and private educational institutions","2016","2016",23.67,,
"FRA","France","PERS_AVG_CLASS","Average class size","ISCED11_1","Primary education","INST_T","All public and private educational institutions","2017","2017",23.664,,
"FRA","France","PERS_AVG_CLASS","Average class size","ISCED11_1","Primary education","INST_T","All public and private educational institutions","2018","2018",23.298,,
"FRA","France","PERS_AVG_CLASS","Average class size","ISCED11_1","Primary education","INST_T","All public and private educational institutions","2019","2019",22.676,,
"FRA","France","PERS_AVG_CLASS","Average class size","ISCED11_1","Primary education","INST_T","All public and private educational institutions","2020","2020",22.142,,
"FRA","France","PERS_AVG_CLASS","Average class size","ISCED11_1","Primary education","INST_T","All public and private educational institutions","2021","2021",21.855,,
"DEU","Germany","PERS_AVG_CLASS","Average class size","ISCED11_1","Primary education","INST_T","All public and private educational institutions","2013","2013",20.85,,
"DEU","Germany","PERS_AVG_CLASS","Average class size","ISCED11_1","Primary education","INST_T","All public and private educational institutions","2014","2014",20.724,,
"DEU","Germany","PERS_AVG_CLASS","Average class size","ISCED11_1","Primary education","INST_T","All public and private educational institutions","2015","2015",20.701,,
"DEU","Germany","PERS_AVG_CLASS","Average class size","ISCED11_1","Primary education","INST_T","All public and private educational institutions","2016","2016",20.765,,
"DEU","Germany","PERS_AVG_CLASS","Average class size","ISCED11_1","Primary education","INST_T","All public and private educational institutions","2017","2017",20.878,,
"DEU","Germany","PERS_AVG_CLASS","Average class size","ISCED11_1","Primary education","INST_T","All public and private educational institutions","2018","2018",20.989,,
"DEU","Germany","PERS_AVG_CLASS","Average class size","ISCED11_1","Primary education","INST_T","All public and private educational institutions","2019","2019",20.961,,
"DEU","Germany","PERS_AVG_CLASS","Average class size","ISCED11_1","Primary education","INST_T","All public and private educational institutions","2020","2020",20.937,,
"DEU","Germany","PERS_AVG_CLASS","Average class size","ISCED11_1","Primary education","INST_T","All public and private educational institutions","2021","2021",20.941,,
"GRC","Greece","PERS_AVG_CLASS","Average class size","ISCED11_1","Primary education","INST_T","All public and private educational institutions","2013","2013",17.217,,
"GRC","Greece","PERS_AVG_CLASS","Average class size","ISCED11_1","Primary education","INST_T","All public and private educational institutions","2014","2014",17.341,,
"GRC","Greece","PERS_AVG_CLASS","Average class size","ISCED11_1","Primary education","INST_T","All public and private educational institutions","2015","2015",17.368,,
"GRC","Greece","PERS_AVG_CLASS","Average class size","ISCED11_1","Primary education","INST_T","All public and private educational institutions","2016","2016",17.327,,
"GRC","Greece","PERS_AVG_CLASS","Average class size","ISCED11_1","Primary education","INST_T","All public and private educational institutions","2017","2017",17.503,,
"GRC","Greece","PERS_AVG_CLASS","Average class size","ISCED11_1","Primary education","INST_T","All public and private educational institutions","2018","2018",17.41,,
"GRC","Greece","PERS_AVG_CLASS","Average class size","ISCED11_1","Primary education","INST_T","All public and private educational institutions","2019","2019",17.313,,
"GRC","Greece","PERS_AVG_CLASS","Average class size","ISCED11_1","Primary education","INST_T","All public and private educational institutions","2020","2020",17.047,,
"GRC","Greece","PERS_AVG_CLASS","Average class size","ISCED11_1","Primary education","INST_T","All public and private educational institutions","2021","2021",16.881,,
"HUN","Hungary","PERS_AVG_CLASS","Average class size","ISCED11_1","Primary education","INST_T","All public and private educational institutions","2013","2013",,"o","Missing value"
"HUN","Hungary","PERS_AVG_CLASS","Average class size","ISCED11_1","Primary education","INST_T","All public and private educational institutions","2014","2014",21.169,,
"HUN","Hungary","PERS_AVG_CLASS","Average class size","ISCED11_1","Primary education","INST_T","All public and private educational institutions","2015","2015",21.271,,
"HUN","Hungary","PERS_AVG_CLASS","Average class size","ISCED11_1","Primary education","INST_T","All public and private educational institutions","2016","2016",21.231,,
"HUN","Hungary","PERS_AVG_CLASS","Average class size","ISCED11_1","Primary education","INST_T","All public and private educational institutions","2017","2017",21.977,,
"HUN","Hungary","PERS_AVG_CLASS","Average class size","ISCED11_1","Primary education","INST_T","All public and private educational institutions","2018","2018",21.77,,
"HUN","Hungary","PERS_AVG_CLASS","Average class size","ISCED11_1","Primary education","INST_T","All public and private educational institutions","2019","2019",21.62,,
"HUN","Hungary","PERS_AVG_CLASS","Average class size","ISCED11_1","Primary education","INST_T","All public and private educational institutions","2020","2020",22,,
"HUN","Hungary","PERS_AVG_CLASS","Average class size","ISCED11_1","Primary education","INST_T","All public and private educational institutions","2021","2021",21.848,,
"ISL","Iceland","PERS_AVG_CLASS","Average class size","ISCED11_1","Primary education","INST_T","All public and private educational institutions","2013","2013",18.49,,
"ISL","Iceland","PERS_AVG_CLASS","Average class size","ISCED11_1","Primary education","INST_T","All public and private educational institutions","2014","2014",18.7,,
"ISL","Iceland","PERS_AVG_CLASS","Average class size","ISCED11_1","Primary education","INST_T","All public and private educational institutions","2015","2015",18.613,,
"ISL","Iceland","PERS_AVG_CLASS","Average class size","ISCED11_1","Primary education","INST_T","All public and private educational institutions","2016","2016",18.798,,
"ISL","Iceland","PERS_AVG_CLASS","Average class size","ISCED11_1","Primary education","INST_T","All public and private educational institutions","2017","2017",19.151,,
"ISL","Iceland","PERS_AVG_CLASS","Average class size","ISCED11_1","Primary education","INST_T","All public and private educational institutions","2018","2018",18.896,,
"ISL","Iceland","PERS_AVG_CLASS","Average class size","ISCED11_1","Primary education","INST_T","All public and private educational institutions","2019","2019",18.577,,
"ISL","Iceland","PERS_AVG_CLASS","Average class size","ISCED11_1","Primary education","INST_T","All public and private educational institutions","2020","2020",18.899,,
"ISL","Iceland","PERS_AVG_CLASS","Average class size","ISCED11_1","Primary education","INST_T","All public and private educational institutions","2021","2021",18.702,,
"IRL","Ireland","PERS_AVG_CLASS","Average class size","ISCED11_1","Primary education","INST_T","All public and private educational institutions","2013","2013",,"o","Missing value"
"IRL","Ireland","PERS_AVG_CLASS","Average class size","ISCED11_1","Primary education","INST_T","All public and private educational institutions","2014","2014",,"o","Missing value"
"IRL","Ireland","PERS_AVG_CLASS","Average class size","ISCED11_1","Primary education","INST_T","All public and private educational institutions","2015","2015",,"o","Missing value"
"IRL","Ireland","PERS_AVG_CLASS","Average class size","ISCED11_1","Primary education","INST_T","All public and private educational institutions","2016","2016",,"o","Missing value"
"IRL","Ireland","PERS_AVG_CLASS","Average class size","ISCED11_1","Primary education","INST_T","All public and private educational institutions","2017","2017",,"o","Missing value"
"IRL","Ireland","PERS_AVG_CLASS","Average class size","ISCED11_1","Primary education","INST_T","All public and private educational institutions","2018","2018",,"o","Missing value"
"IRL","Ireland","PERS_AVG_CLASS","Average class size","ISCED11_1","Primary education","INST_T","All public and private educational institutions","2019","2019",,"o","Missing value"
"IRL","Ireland","PERS_AVG_CLASS","Average class size","ISCED11_1","Primary education","INST_T","All public and private educational institutions","2020","2020",,"o","Missing value"
"IRL","Ireland","PERS_AVG_CLASS","Average class size","ISCED11_1","Primary education","INST_T","All public and private educational institutions","2021","2021",,"o","Missing value"
"ITA","Italy","PERS_AVG_CLASS","Average class size","ISCED11_1","Primary education","INST_T","All public and private educational institutions","2013","2013",19.299,,
"ITA","Italy","PERS_AVG_CLASS","Average class size","ISCED11_1","Primary education","INST_T","All public and private educational institutions","2014","2014",19.674,,
"ITA","Italy","PERS_AVG_CLASS","Average class size","ISCED11_1","Primary education","INST_T","All public and private educational institutions","2015","2015",19.187,,
"ITA","Italy","PERS_AVG_CLASS","Average class size","ISCED11_1","Primary education","INST_T","All public and private educational institutions","2016","2016",19.207,,
"ITA","Italy","PERS_AVG_CLASS","Average class size","ISCED11_1","Primary education","INST_T","All public and private educational institutions","2017","2017",19.101,,
"ITA","Italy","PERS_AVG_CLASS","Average class size","ISCED11_1","Primary education","INST_T","All public and private educational institutions","2018","2018",18.997,,
"ITA","Italy","PERS_AVG_CLASS","Average class size","ISCED11_1","Primary education","INST_T","All public and private educational institutions","2019","2019",18.871,,
"ITA","Italy","PERS_AVG_CLASS","Average class size","ISCED11_1","Primary education","INST_T","All public and private educational institutions","2020","2020",18.655,,
"ITA","Italy","PERS_AVG_CLASS","Average class size","ISCED11_1","Primary education","INST_T","All public and private educational institutions","2021","2021",18.106,,
"JPN","Japan","PERS_AVG_CLASS","Average class size","ISCED11_1","Primary education","INST_T","All public and private educational institutions","2013","2013",27.45,,
"JPN","Japan","PERS_AVG_CLASS","Average class size","ISCED11_1","Primary education","INST_T","All public and private educational institutions","2014","2014",27.353,,
"JPN","Japan","PERS_AVG_CLASS","Average class size","ISCED11_1","Primary education","INST_T","All public and private educational institutions","2015","2015",27.289,,
"JPN","Japan","PERS_AVG_CLASS","Average class size","ISCED11_1","Primary education","INST_T","All public and private educational institutions","2016","2016",27.257,,
"JPN","Japan","PERS_AVG_CLASS","Average class size","ISCED11_1","Primary education","INST_T","All public and private educational institutions","2017","2017",27.245,,
"JPN","Japan","PERS_AVG_CLASS","Average class size","ISCED11_1","Primary education","INST_T","All public and private educational institutions","2018","2018",27.203,,
"JPN","Japan","PERS_AVG_CLASS","Average class size","ISCED11_1","Primary education","INST_T","All public and private educational institutions","2019","2019",27.209,,
"JPN","Japan","PERS_AVG_CLASS","Average class size","ISCED11_1","Primary education","INST_T","All public and private educational institutions","2020","2020",27.163,,
"JPN","Japan","PERS_AVG_CLASS","Average class size","ISCED11_1","Primary education","INST_T","All public and private educational institutions","2021","2021",27.116,,
"KOR","Korea","PERS_AVG_CLASS","Average class size","ISCED11_1","Primary education","INST_T","All public and private educational institutions","2013","2013",24.047,,
"KOR","Korea","PERS_AVG_CLASS","Average class size","ISCED11_1","Primary education","INST_T","All public and private educational institutions","2014","2014",23.571,,
"KOR","Korea","PERS_AVG_CLASS","Average class size","ISCED11_1","Primary education","INST_T","All public and private educational institutions","2015","2015",23.404,,
"KOR","Korea","PERS_AVG_CLASS","Average class size","ISCED11_1","Primary education","INST_T","All public and private educational institutions","2016","2016",23.159,,
"KOR","Korea","PERS_AVG_CLASS","Average class size","ISCED11_1","Primary education","INST_T","All public and private educational institutions","2017","2017",23.061,,
"KOR","Korea","PERS_AVG_CLASS","Average class size","ISCED11_1","Primary education","INST_T","All public and private educational institutions","2018","2018",23.083,,
"KOR","Korea","PERS_AVG_CLASS","Average class size","ISCED11_1","Primary education","INST_T","All public and private educational institutions","2019","2019",23.049,,
"KOR","Korea","PERS_AVG_CLASS","Average class size","ISCED11_1","Primary education","INST_T","All public and private educational institutions","2020","2020",22.701,,
"KOR","Korea","PERS_AVG_CLASS","Average class size","ISCED11_1","Primary education","INST_T","All public and private educational institutions","2021","2021",22.452,,
"LUX","Luxembourg","PERS_AVG_CLASS","Average class size","ISCED11_1","Primary education","INST_T","All public and private educational institutions","2013","2013",15.333,,
"LUX","Luxembourg","PERS_AVG_CLASS","Average class size","ISCED11_1","Primary education","INST_T","All public and private educational institutions","2014","2014",15.791,,
"LUX","Luxembourg","PERS_AVG_CLASS","Average class size","ISCED11_1","Primary education","INST_T","All public and private educational institutions","2015","2015",15.658,,
"LUX","Luxembourg","PERS_AVG_CLASS","Average class size","ISCED11_1","Primary education","INST_T","All public and private educational institutions","2016","2016",17.46,,
"LUX","Luxembourg","PERS_AVG_CLASS","Average class size","ISCED11_1","Primary education","INST_T","All public and private educational institutions","2017","2017",15.869,,
"LUX","Luxembourg","PERS_AVG_CLASS","Average class size","ISCED11_1","Primary education","INST_T","All public and private educational institutions","2018","2018",,"o","Missing value"
"LUX","Luxembourg","PERS_AVG_CLASS","Average class size","ISCED11_1","Primary education","INST_T","All public and private educational institutions","2019","2019",,"o","Missing value"
"LUX","Luxembourg","PERS_AVG_CLASS","Average class size","ISCED11_1","Primary education","INST_T","All public and private educational institutions","2020","2020",,"o","Missing value"
"LUX","Luxembourg","PERS_AVG_CLASS","Average class size","ISCED11_1","Primary education","INST_T","All public and private educational institutions","2021","2021",15.649,,
"MEX","Mexico","PERS_AVG_CLASS","Average class size","ISCED11_1","Primary education","INST_T","All public and private educational institutions","2013","2013",19.645,,
"MEX","Mexico","PERS_AVG_CLASS","Average class size","ISCED11_1","Primary education","INST_T","All public and private educational institutions","2014","2014",19.417,,
"MEX","Mexico","PERS_AVG_CLASS","Average class size","ISCED11_1","Primary education","INST_T","All public and private educational institutions","2015","2015",22.138,,
"MEX","Mexico","PERS_AVG_CLASS","Average class size","ISCED11_1","Primary education","INST_T","All public and private educational institutions","2016","2016",23.325,,
"MEX","Mexico","PERS_AVG_CLASS","Average class size","ISCED11_1","Primary education","INST_T","All public and private educational institutions","2017","2017",23.922,,
"MEX","Mexico","PERS_AVG_CLASS","Average class size","ISCED11_1","Primary education","INST_T","All public and private educational institutions","2018","2018",24.204,,
"MEX","Mexico","PERS_AVG_CLASS","Average class size","ISCED11_1","Primary education","INST_T","All public and private educational institutions","2019","2019",24.109,,
"MEX","Mexico","PERS_AVG_CLASS","Average class size","ISCED11_1","Primary education","INST_T","All public and private educational institutions","2020","2020",24.005,,
"MEX","Mexico","PERS_AVG_CLASS","Average class size","ISCED11_1","Primary education","INST_T","All public and private educational institutions","2021","2021",22.57,,
"NLD","Netherlands","PERS_AVG_CLASS","Average class size","ISCED11_1","Primary education","INST_T","All public and private educational institutions","2013","2013",,"o","Missing value"
"NLD","Netherlands","PERS_AVG_CLASS","Average class size","ISCED11_1","Primary education","INST_T","All public and private educational institutions","2014","2014",,"o","Missing value"
"NLD","Netherlands","PERS_AVG_CLASS","Average class size","ISCED11_1","Primary education","INST_T","All public and private educational institutions","2015","2015",,"o","Missing value"
"NLD","Netherlands","PERS_AVG_CLASS","Average class size","ISCED11_1","Primary education","INST_T","All public and private educational institutions","2016","2016",,"o","Missing value"
"NLD","Netherlands","PERS_AVG_CLASS","Average class size","ISCED11_1","Primary education","INST_T","All public and private educational institutions","2017","2017",,"o","Missing value"
"NLD","Netherlands","PERS_AVG_CLASS","Average class size","ISCED11_1","Primary education","INST_T","All public and private educational institutions","2018","2018",,"o","Missing value"
"NLD","Netherlands","PERS_AVG_CLASS","Average class size","ISCED11_1","Primary education","INST_T","All public and private educational institutions","2019","2019",,"o","Missing value"
"NLD","Netherlands","PERS_AVG_CLASS","Average class size","ISCED11_1","Primary education","INST_T","All public and private educational institutions","2020","2020",,"o","Missing value"
"NLD","Netherlands","PERS_AVG_CLASS","Average class size","ISCED11_1","Primary education","INST_T","All public and private educational institutions","2021","2021",,"o","Missing value"
"NZL","New Zealand","PERS_AVG_CLASS","Average class size","ISCED11_1","Primary education","INST_T","All public and private educational institutions","2013","2013",,"o","Missing value"
"NZL","New Zealand","PERS_AVG_CLASS","Average class size","ISCED11_1","Primary education","INST_T","All public and private educational institutions","2014","2014",,"o","Missing value"
"NZL","New Zealand","PERS_AVG_CLASS","Average class size","ISCED11_1","Primary education","INST_T","All public and private educational institutions","2015","2015",,"o","Missing value"
"NZL","New Zealand","PERS_AVG_CLASS","Average class size","ISCED11_1","Primary education","INST_T","All public and private educational institutions","2016","2016",,"o","Missing value"
"NZL","New Zealand","PERS_AVG_CLASS","Average class size","ISCED11_1","Primary education","INST_T","All public and private educational institutions","2017","2017",,"o","Missing value"
"NZL","New Zealand","PERS_AVG_CLASS","Average class size","ISCED11_1","Primary education","INST_T","All public and private educational institutions","2018","2018",,"o","Missing value"
"NZL","New Zealand","PERS_AVG_CLASS","Average class size","ISCED11_1","Primary education","INST_T","All public and private educational institutions","2019","2019",,"o","Missing value"
"NZL","New Zealand","PERS_AVG_CLASS","Average class size","ISCED11_1","Primary education","INST_T","All public and private educational institutions","2020","2020",,"o","Missing value"
"NZL","New Zealand","PERS_AVG_CLASS","Average class size","ISCED11_1","Primary education","INST_T","All public and private educational institutions","2021","2021",,"o","Missing value"
"NOR","Norway","PERS_AVG_CLASS","Average class size","ISCED11_1","Primary education","INST_T","All public and private educational institutions","2013","2013",,"m","Missing value; data cannot exist"
"NOR","Norway","PERS_AVG_CLASS","Average class size","ISCED11_1","Primary education","INST_T","All public and private educational institutions","2014","2014",,"m","Missing value; data cannot exist"
"NOR","Norway","PERS_AVG_CLASS","Average class size","ISCED11_1","Primary education","INST_T","All public and private educational institutions","2015","2015",,"m","Missing value; data cannot exist"
"NOR","Norway","PERS_AVG_CLASS","Average class size","ISCED11_1","Primary education","INST_T","All public and private educational institutions","2016","2016",,"m","Missing value; data cannot exist"
"NOR","Norway","PERS_AVG_CLASS","Average class size","ISCED11_1","Primary education","INST_T","All public and private educational institutions","2017","2017",,"m","Missing value; data cannot exist"
"NOR","Norway","PERS_AVG_CLASS","Average class size","ISCED11_1","Primary education","INST_T","All public and private educational institutions","2018","2018",,"m","Missing value; data cannot exist"
"NOR","Norway","PERS_AVG_CLASS","Average class size","ISCED11_1","Primary education","INST_T","All public and private educational institutions","2019","2019",,"m","Missing value; data cannot exist"
"NOR","Norway","PERS_AVG_CLASS","Average class size","ISCED11_1","Primary education","INST_T","All public and private educational institutions","2020","2020",,"m","Missing value; data cannot exist"
"NOR","Norway","PERS_AVG_CLASS","Average class size","ISCED11_1","Primary education","INST_T","All public and private educational institutions","2021","2021",,"m","Missing value; data cannot exist"
"POL","Poland","PERS_AVG_CLASS","Average class size","ISCED11_1","Primary education","INST_T","All public and private educational institutions","2013","2013",18.497,,
"POL","Poland","PERS_AVG_CLASS","Average class size","ISCED11_1","Primary education","INST_T","All public and private educational institutions","2014","2014",18.474,,
"POL","Poland","PERS_AVG_CLASS","Average class size","ISCED11_1","Primary education","INST_T","All public and private educational institutions","2015","2015",18.529,,
"POL","Poland","PERS_AVG_CLASS","Average class size","ISCED11_1","Primary education","INST_T","All public and private educational institutions","2016","2016",18.658,,
"POL","Poland","PERS_AVG_CLASS","Average class size","ISCED11_1","Primary education","INST_T","All public and private educational institutions","2017","2017",18.08,,
"POL","Poland","PERS_AVG_CLASS","Average class size","ISCED11_1","Primary education","INST_T","All public and private educational institutions","2018","2018",17.818,,
"POL","Poland","PERS_AVG_CLASS","Average class size","ISCED11_1","Primary education","INST_T","All public and private educational institutions","2019","2019",17.755,,
"POL","Poland","PERS_AVG_CLASS","Average class size","ISCED11_1","Primary education","INST_T","All public and private educational institutions","2020","2020",16.607,,
"POL","Poland","PERS_AVG_CLASS","Average class size","ISCED11_1","Primary education","INST_T","All public and private educational institutions","2021","2021",17.31,,
"PRT","Portugal","PERS_AVG_CLASS","Average class size","ISCED11_1","Primary education","INST_T","All public and private educational institutions","2013","2013",20.969,,
"PRT","Portugal","PERS_AVG_CLASS","Average class size","ISCED11_1","Primary education","INST_T","All public and private educational institutions","2014","2014",21.219,,
"PRT","Portugal","PERS_AVG_CLASS","Average class size","ISCED11_1","Primary education","INST_T","All public and private educational institutions","2015","2015",21.245,,
"PRT","Portugal","PERS_AVG_CLASS","Average class size","ISCED11_1","Primary education","INST_T","All public and private educational institutions","2016","2016",21.15,,
"PRT","Portugal","PERS_AVG_CLASS","Average class size","ISCED11_1","Primary education","INST_T","All public and private educational institutions","2017","2017",21.215,,
"PRT","Portugal","PERS_AVG_CLASS","Average class size","ISCED11_1","Primary education","INST_T","All public and private educational institutions","2018","2018",21.113,,
"PRT","Portugal","PERS_AVG_CLASS","Average class size","ISCED11_1","Primary education","INST_T","All public and private educational institutions","2019","2019",20.856,,
"PRT","Portugal","PERS_AVG_CLASS","Average class size","ISCED11_1","Primary education","INST_T","All public and private educational institutions","2020","2020",20.525,,
"PRT","Portugal","PERS_AVG_CLASS","Average class size","ISCED11_1","Primary education","INST_T","All public and private educational institutions","2021","2021",19.954,,
"SVK","Slovak Republic","PERS_AVG_CLASS","Average class size","ISCED11_1","Primary education","INST_T","All public and private educational institutions","2013","2013",17.558,,
"SVK","Slovak Republic","PERS_AVG_CLASS","Average class size","ISCED11_1","Primary education","INST_T","All public and private educational institutions","2014","2014",17.867,,
"SVK","Slovak Republic","PERS_AVG_CLASS","Average class size","ISCED11_1","Primary education","INST_T","All public and private educational institutions","2015","2015",17.893,,
"SVK","Slovak Republic","PERS_AVG_CLASS","Average class size","ISCED11_1","Primary education","INST_T","All public and private educational institutions","2016","2016",17.991,,
"SVK","Slovak Republic","PERS_AVG_CLASS","Average class size","ISCED11_1","Primary education","INST_T","All public and private educational institutions","2017","2017",18.224,,
"SVK","Slovak Republic","PERS_AVG_CLASS","Average class size","ISCED11_1","Primary education","INST_T","All public and private educational institutions","2018","2018",18.3,,
"SVK","Slovak Republic","PERS_AVG_CLASS","Average class size","ISCED11_1","Primary education","INST_T","All public and private educational institutions","2019","2019",18.326,,
"SVK","Slovak Republic","PERS_AVG_CLASS","Average class size","ISCED11_1","Primary education","INST_T","All public and private educational institutions","2020","2020",18.296,,
"SVK","Slovak Republic","PERS_AVG_CLASS","Average class size","ISCED11_1","Primary education","INST_T","All public and private educational institutions","2021","2021",18.207,,
"ESP","Spain","PERS_AVG_CLASS","Average class size","ISCED11_1","Primary education","INST_T","All public and private educational institutions","2013","2013",21.606,,
"ESP","Spain","PERS_AVG_CLASS","Average class size","ISCED11_1","Primary education","INST_T","All public and private educational institutions","2014","2014",21.713,,
"ESP","Spain","PERS_AVG_CLASS","Average class size","ISCED11_1","Primary education","INST_T","All public and private educational institutions","2015","2015",21.878,,
"ESP","Spain","PERS_AVG_CLASS","Average class size","ISCED11_1","Primary education","INST_T","All public and private educational institutions","2016","2016",21.875,,
"ESP","Spain","PERS_AVG_CLASS","Average class size","ISCED11_1","Primary education","INST_T","All public and private educational institutions","2017","2017",21.916,,
"ESP","Spain","PERS_AVG_CLASS","Average class size","ISCED11_1","Primary education","INST_T","All public and private educational institutions","2018","2018",21.867,,
"ESP","Spain","PERS_AVG_CLASS","Average class size","ISCED11_1","Primary education","INST_T","All public and private educational institutions","2019","2019",21.832,,
"ESP","Spain","PERS_AVG_CLASS","Average class size","ISCED11_1","Primary education","INST_T","All public and private educational institutions","2020","2020",21.867,,
"ESP","Spain","PERS_AVG_CLASS","Average class size","ISCED11_1","Primary education","INST_T","All public and private educational institutions","2021","2021",20.073,,
"SWE","Sweden","PERS_AVG_CLASS","Average class size","ISCED11_1","Primary education","INST_T","All public and private educational institutions","2013","2013",,"o","Missing value"
"SWE","Sweden","PERS_AVG_CLASS","Average class size","ISCED11_1","Primary education","INST_T","All public and private educational institutions","2014","2014",18.191,,
"SWE","Sweden","PERS_AVG_CLASS","Average class size","ISCED11_1","Primary education","INST_T","All public and private educational institutions","2015","2015",18.824,,
"SWE","Sweden","PERS_AVG_CLASS","Average class size","ISCED11_1","Primary education","INST_T","All public and private educational institutions","2016","2016",19.04,,
"SWE","Sweden","PERS_AVG_CLASS","Average class size","ISCED11_1","Primary education","INST_T","All public and private educational institutions","2017","2017",19.451,,
"SWE","Sweden","PERS_AVG_CLASS","Average class size","ISCED11_1","Primary education","INST_T","All public and private educational institutions","2018","2018",19.856,,
"SWE","Sweden","PERS_AVG_CLASS","Average class size","ISCED11_1","Primary education","INST_T","All public and private educational institutions","2019","2019",20.081,,
"SWE","Sweden","PERS_AVG_CLASS","Average class size","ISCED11_1","Primary education","INST_T","All public and private educational institutions","2020","2020",20.303,,
"SWE","Sweden","PERS_AVG_CLASS","Average class size","ISCED11_1","Primary education","INST_T","All public and private educational institutions","2021","2021",20.648,,
"CHE","Switzerland","PERS_AVG_CLASS","Average class size","ISCED11_1","Primary education","INST_T","All public and private educational institutions","2013","2013",,"o","Missing value"
"CHE","Switzerland","PERS_AVG_CLASS","Average class size","ISCED11_1","Primary education","INST_T","All public and private educational institutions","2014","2014",,"o","Missing value"
"CHE","Switzerland","PERS_AVG_CLASS","Average class size","ISCED11_1","Primary education","INST_T","All public and private educational institutions","2015","2015",,"o","Missing value"
"CHE","Switzerland","PERS_AVG_CLASS","Average class size","ISCED11_1","Primary education","INST_T","All public and private educational institutions","2016","2016",,"o","Missing value"
"CHE","Switzerland","PERS_AVG_CLASS","Average class size","ISCED11_1","Primary education","INST_T","All public and private educational institutions","2017","2017",,"o","Missing value"
"CHE","Switzerland","PERS_AVG_CLASS","Average class size","ISCED11_1","Primary education","INST_T","All public and private educational institutions","2018","2018",,"o","Missing value"
"CHE","Switzerland","PERS_AVG_CLASS","Average class size","ISCED11_1","Primary education","INST_T","All public and private educational institutions","2019","2019",,"o","Missing value"
"CHE","Switzerland","PERS_AVG_CLASS","Average class size","ISCED11_1","Primary education","INST_T","All public and private educational institutions","2020","2020",,"o","Missing value"
"CHE","Switzerland","PERS_AVG_CLASS","Average class size","ISCED11_1","Primary education","INST_T","All public and private educational institutions","2021","2021",,"o","Missing value"
"TUR","Türkiye","PERS_AVG_CLASS","Average class size","ISCED11_1","Primary education","INST_T","All public and private educational institutions","2013","2013",23.102,,
"TUR","Türkiye","PERS_AVG_CLASS","Average class size","ISCED11_1","Primary education","INST_T","All public and private educational institutions","2014","2014",22.935,,
"TUR","Türkiye","PERS_AVG_CLASS","Average class size","ISCED11_1","Primary education","INST_T","All public and private educational institutions","2015","2015",21.234,,
"TUR","Türkiye","PERS_AVG_CLASS","Average class size","ISCED11_1","Primary education","INST_T","All public and private educational institutions","2016","2016",22.079,,
"TUR","Türkiye","PERS_AVG_CLASS","Average class size","ISCED11_1","Primary education","INST_T","All public and private educational institutions","2017","2017",21.444,,
"TUR","Türkiye","PERS_AVG_CLASS","Average class size","ISCED11_1","Primary education","INST_T","All public and private educational institutions","2018","2018",22.391,,
"TUR","Türkiye","PERS_AVG_CLASS","Average class size","ISCED11_1","Primary education","INST_T","All public and private educational institutions","2019","2019",23.009,,
"TUR","Türkiye","PERS_AVG_CLASS","Average class size","ISCED11_1","Primary education","INST_T","All public and private educational institutions","2020","2020",23.014,,
"TUR","Türkiye","PERS_AVG_CLASS","Average class size","ISCED11_1","Primary education","INST_T","All public and private educational institutions","2021","2021",23.34,,
"GBR","United Kingdom","PERS_AVG_CLASS","Average class size","ISCED11_1","Primary education","INST_T","All public and private educational institutions","2013","2013",25.404,,
"GBR","United Kingdom","PERS_AVG_CLASS","Average class size","ISCED11_1","Primary education","INST_T","All public and private educational institutions","2014","2014",25.296,,
"GBR","United Kingdom","PERS_AVG_CLASS","Average class size","ISCED11_1","Primary education","INST_T","All public and private educational institutions","2015","2015",25.988,,
"GBR","United Kingdom","PERS_AVG_CLASS","Average class size","ISCED11_1","Primary education","INST_T","All public and private educational institutions","2016","2016",25.937,,
"GBR","United Kingdom","PERS_AVG_CLASS","Average class size","ISCED11_1","Primary education","INST_T","All public and private educational institutions","2017","2017",26.655,,
"GBR","United Kingdom","PERS_AVG_CLASS","Average class size","ISCED11_1","Primary education","INST_T","All public and private educational institutions","2018","2018",25.993,,
"GBR","United Kingdom","PERS_AVG_CLASS","Average class size","ISCED11_1","Primary education","INST_T","All public and private educational institutions","2019","2019",25.995,,
"GBR","United Kingdom","PERS_AVG_CLASS","Average class size","ISCED11_1","Primary education","INST_T","All public and private educational institutions","2020","2020",26.019,,
"GBR","United Kingdom","PERS_AVG_CLASS","Average class size","ISCED11_1","Primary education","INST_T","All public and private educational institutions","2021","2021",25.817,,
"USA","United States","PERS_AVG_CLASS","Average class size","ISCED11_1","Primary education","INST_T","All public and private educational institutions","2013","2013",21.137,,
"USA","United States","PERS_AVG_CLASS","Average class size","ISCED11_1","Primary education","INST_T","All public and private educational institutions","2014","2014",21.145,,
"USA","United States","PERS_AVG_CLASS","Average class size","ISCED11_1","Primary education","INST_T","All public and private educational institutions","2015","2015",21.136,,
"USA","United States","PERS_AVG_CLASS","Average class size","ISCED11_1","Primary education","INST_T","All public and private educational institutions","2016","2016",20.846,,
"USA","United States","PERS_AVG_CLASS","Average class size","ISCED11_1","Primary education","INST_T","All public and private educational institutions","2017","2017",20.842,,
"USA","United States","PERS_AVG_CLASS","Average class size","ISCED11_1","Primary education","INST_T","All public and private educational institutions","2018","2018",20.85,,
"USA","United States","PERS_AVG_CLASS","Average class size","ISCED11_1","Primary education","INST_T","All public and private educational institutions","2019","2019",20.349,,
"USA","United States","PERS_AVG_CLASS","Average class size","ISCED11_1","Primary education","INST_T","All public and private educational institutions","2020","2020",20.381,,
"USA","United States","PERS_AVG_CLASS","Average class size","ISCED11_1","Primary education","INST_T","All public and private educational institutions","2021","2021",20.083,,
"BRA","Brazil","PERS_AVG_CLASS","Average class size","ISCED11_1","Primary education","INST_T","All public and private educational institutions","2013","2013",23.277,,
"BRA","Brazil","PERS_AVG_CLASS","Average class size","ISCED11_1","Primary education","INST_T","All public and private educational institutions","2014","2014",23.299,,
"BRA","Brazil","PERS_AVG_CLASS","Average class size","ISCED11_1","Primary education","INST_T","All public and private educational institutions","2015","2015",23.008,,
"BRA","Brazil","PERS_AVG_CLASS","Average class size","ISCED11_1","Primary education","INST_T","All public and private educational institutions","2016","2016",22.863,,
"BRA","Brazil","PERS_AVG_CLASS","Average class size","ISCED11_1","Primary education","INST_T","All public and private educational institutions","2017","2017",22.783,,
"BRA","Brazil","PERS_AVG_CLASS","Average class size","ISCED11_1","Primary education","INST_T","All public and private educational institutions","2018","2018",22.793,,
"BRA","Brazil","PERS_AVG_CLASS","Average class size","ISCED11_1","Primary education","INST_T","All public and private educational institutions","2019","2019",20.466,,
"BRA","Brazil","PERS_AVG_CLASS","Average class size","ISCED11_1","Primary education","INST_T","All public and private educational institutions","2020","2020",20.478,,
"BRA","Brazil","PERS_AVG_CLASS","Average class size","ISCED11_1","Primary education","INST_T","All public and private educational institutions","2021","2021",20.138,,
"CHL","Chile","PERS_AVG_CLASS","Average class size","ISCED11_1","Primary education","INST_T","All public and private educational institutions","2013","2013",30.173,,
"CHL","Chile","PERS_AVG_CLASS","Average class size","ISCED11_1","Primary education","INST_T","All public and private educational institutions","2014","2014",30.077,,
"CHL","Chile","PERS_AVG_CLASS","Average class size","ISCED11_1","Primary education","INST_T","All public and private educational institutions","2015","2015",30.118,,
"CHL","Chile","PERS_AVG_CLASS","Average class size","ISCED11_1","Primary education","INST_T","All public and private educational institutions","2016","2016",30.377,,
"CHL","Chile","PERS_AVG_CLASS","Average class size","ISCED11_1","Primary education","INST_T","All public and private educational institutions","2017","2017",30.501,,
"CHL","Chile","PERS_AVG_CLASS","Average class size","ISCED11_1","Primary education","INST_T","All public and private educational institutions","2018","2018",30.814,,
"CHL","Chile","PERS_AVG_CLASS","Average class size","ISCED11_1","Primary education","INST_T","All public and private educational institutions","2019","2019",31.017,,
"CHL","Chile","PERS_AVG_CLASS","Average class size","ISCED11_1","Primary education","INST_T","All public and private educational institutions","2020","2020",30.892,,
"CHL","Chile","PERS_AVG_CLASS","Average class size","ISCED11_1","Primary education","INST_T","All public and private educational institutions","2021","2021",30.875,,
"COL","Colombia","PERS_AVG_CLASS","Average class size","ISCED11_1","Primary education","INST_T","All public and private educational institutions","2013","2013",22.433,,
"COL","Colombia","PERS_AVG_CLASS","Average class size","ISCED11_1","Primary education","INST_T","All public and private educational institutions","2014","2014",20.843,,
"COL","Colombia","PERS_AVG_CLASS","Average class size","ISCED11_1","Primary education","INST_T","All public and private educational institutions","2015","2015",22.502,,
"COL","Colombia","PERS_AVG_CLASS","Average class size","ISCED11_1","Primary education","INST_T","All public and private educational institutions","2016","2016",23.118,,
"COL","Colombia","PERS_AVG_CLASS","Average class size","ISCED11_1","Primary education","INST_T","All public and private educational institutions","2017","2017",23.111,,
"COL","Colombia","PERS_AVG_CLASS","Average class size","ISCED11_1","Primary education","INST_T","All public and private educational institutions","2018","2018",22.985,,
"COL","Colombia","PERS_AVG_CLASS","Average class size","ISCED11_1","Primary education","INST_T","All public and private educational institutions","2019","2019",22.832,,
"COL","Colombia","PERS_AVG_CLASS","Average class size","ISCED11_1","Primary education","INST_T","All public and private educational institutions","2020","2020",22.794,,
"COL","Colombia","PERS_AVG_CLASS","Average class size","ISCED11_1","Primary education","INST_T","All public and private educational institutions","2021","2021",22.338,,
"CRI","Costa Rica","PERS_AVG_CLASS","Average class size","ISCED11_1","Primary education","INST_T","All public and private educational institutions","2013","2013",,"o","Missing value"
"CRI","Costa Rica","PERS_AVG_CLASS","Average class size","ISCED11_1","Primary education","INST_T","All public and private educational institutions","2014","2014",,"o","Missing value"
"CRI","Costa Rica","PERS_AVG_CLASS","Average class size","ISCED11_1","Primary education","INST_T","All public and private educational institutions","2015","2015",15.372,,
"CRI","Costa Rica","PERS_AVG_CLASS","Average class size","ISCED11_1","Primary education","INST_T","All public and private educational institutions","2016","2016",15.417,,
"CRI","Costa Rica","PERS_AVG_CLASS","Average class size","ISCED11_1","Primary education","INST_T","All public and private educational institutions","2017","2017",15.353,,
"CRI","Costa Rica","PERS_AVG_CLASS","Average class size","ISCED11_1","Primary education","INST_T","All public and private educational institutions","2018","2018",15.669,,
"CRI","Costa Rica","PERS_AVG_CLASS","Average class size","ISCED11_1","Primary education","INST_T","All public and private educational institutions","2019","2019",16.015,,
"CRI","Costa Rica","PERS_AVG_CLASS","Average class size","ISCED11_1","Primary education","INST_T","All public and private educational institutions","2020","2020",15.842,,
"CRI","Costa Rica","PERS_AVG_CLASS","Average class size","ISCED11_1","Primary education","INST_T","All public and private educational institutions","2021","2021",15.711,,
"EST","Estonia","PERS_AVG_CLASS","Average class size","ISCED11_1","Primary education","INST_T","All public and private educational institutions","2013","2013",18.229,,
"EST","Estonia","PERS_AVG_CLASS","Average class size","ISCED11_1","Primary education","INST_T","All public and private educational institutions","2014","2014",18.35,,
"EST","Estonia","PERS_AVG_CLASS","Average class size","ISCED11_1","Primary education","INST_T","All public and private educational institutions","2015","2015",18.551,,
"EST","Estonia","PERS_AVG_CLASS","Average class size","ISCED11_1","Primary education","INST_T","All public and private educational institutions","2016","2016",18.881,,
"EST","Estonia","PERS_AVG_CLASS","Average class size","ISCED11_1","Primary education","INST_T","All public and private educational institutions","2017","2017",18.952,,
"EST","Estonia","PERS_AVG_CLASS","Average class size","ISCED11_1","Primary education","INST_T","All public and private educational institutions","2018","2018",18.961,,
"EST","Estonia","PERS_AVG_CLASS","Average class size","ISCED11_1","Primary education","INST_T","All public and private educational institutions","2019","2019",18.864,,
"EST","Estonia","PERS_AVG_CLASS","Average class size","ISCED11_1","Primary education","INST_T","All public and private educational institutions","2020","2020",18.672,,
"EST","Estonia","PERS_AVG_CLASS","Average class size","ISCED11_1","Primary education","INST_T","All public and private educational institutions","2021","2021",18.638,,
"ISR","Israel","PERS_AVG_CLASS","Average class size","ISCED11_1","Primary education","INST_T","All public and private educational institutions","2013","2013",26.737,,
"ISR","Israel","PERS_AVG_CLASS","Average class size","ISCED11_1","Primary education","INST_T","All public and private educational institutions","2014","2014",26.731,,
"ISR","Israel","PERS_AVG_CLASS","Average class size","ISCED11_1","Primary education","INST_T","All public and private educational institutions","2015","2015",26.842,,
"ISR","Israel","PERS_AVG_CLASS","Average class size","ISCED11_1","Primary education","INST_T","All public and private educational institutions","2016","2016",26.707,,
"ISR","Israel","PERS_AVG_CLASS","Average class size","ISCED11_1","Primary education","INST_T","All public and private educational institutions","2017","2017",26.534,,
"ISR","Israel","PERS_AVG_CLASS","Average class size","ISCED11_1","Primary education","INST_T","All public and private educational institutions","2018","2018",26.395,,
"ISR","Israel","PERS_AVG_CLASS","Average class size","ISCED11_1","Primary education","INST_T","All public and private educational institutions","2019","2019",26.292,,
"ISR","Israel","PERS_AVG_CLASS","Average class size","ISCED11_1","Primary education","INST_T","All public and private educational institutions","2020","2020",26.316,,
"ISR","Israel","PERS_AVG_CLASS","Average class size","ISCED11_1","Primary education","INST_T","All public and private educational institutions","2021","2021",26.212,,
"LVA","Latvia","PERS_AVG_CLASS","Average class size","ISCED11_1","Primary education","INST_T","All public and private educational institutions","2013","2013",15.665,,
"LVA","Latvia","PERS_AVG_CLASS","Average class size","ISCED11_1","Primary education","INST_T","All public and private educational institutions","2014","2014",15.57,,
"LVA","Latvia","PERS_AVG_CLASS","Average class size","ISCED11_1","Primary education","INST_T","All public and private educational institutions","2015","2015",15.833,,
"LVA","Latvia","PERS_AVG_CLASS","Average class size","ISCED11_1","Primary education","INST_T","All public and private educational institutions","2016","2016",16.127,,
"LVA","Latvia","PERS_AVG_CLASS","Average class size","ISCED11_1","Primary education","INST_T","All public and private educational institutions","2017","2017",16.347,,
"LVA","Latvia","PERS_AVG_CLASS","Average class size","ISCED11_1","Primary education","INST_T","All public and private educational institutions","2018","2018",16.454,,
"LVA","Latvia","PERS_AVG_CLASS","Average class size","ISCED11_1","Primary education","INST_T","All public and private educational institutions","2019","2019",16.644,,
"LVA","Latvia","PERS_AVG_CLASS","Average class size","ISCED11_1","Primary education","INST_T","All public and private educational institutions","2020","2020",16.795,,
"LVA","Latvia","PERS_AVG_CLASS","Average class size","ISCED11_1","Primary education","INST_T","All public and private educational institutions","2021","2021",16.892,,
"LTU","Lithuania","PERS_AVG_CLASS","Average class size","ISCED11_1","Primary education","INST_T","All public and private educational institutions","2013","2013",15.574,,
"LTU","Lithuania","PERS_AVG_CLASS","Average class size","ISCED11_1","Primary education","INST_T","All public and private educational institutions","2014","2014",15.742,,
"LTU","Lithuania","PERS_AVG_CLASS","Average class size","ISCED11_1","Primary education","INST_T","All public and private educational institutions","2015","2015",15.976,,
"LTU","Lithuania","PERS_AVG_CLASS","Average class size","ISCED11_1","Primary education","INST_T","All public and private educational institutions","2016","2016",16.247,,
"LTU","Lithuania","PERS_AVG_CLASS","Average class size","ISCED11_1","Primary education","INST_T","All public and private educational institutions","2017","2017",16.945,,
"LTU","Lithuania","PERS_AVG_CLASS","Average class size","ISCED11_1","Primary education","INST_T","All public and private educational institutions","2018","2018",17.316,,
"LTU","Lithuania","PERS_AVG_CLASS","Average class size","ISCED11_1","Primary education","INST_T","All public and private educational institutions","2019","2019",17.456,,
"LTU","Lithuania","PERS_AVG_CLASS","Average class size","ISCED11_1","Primary education","INST_T","All public and private educational institutions","2020","2020",17.698,,
"LTU","Lithuania","PERS_AVG_CLASS","Average class size","ISCED11_1","Primary education","INST_T","All public and private educational institutions","2021","2021",17.167,,
"SVN","Slovenia","PERS_AVG_CLASS","Average class size","ISCED11_1","Primary education","INST_T","All public and private educational institutions","2013","2013",19.016,,
"SVN","Slovenia","PERS_AVG_CLASS","Average class size","ISCED11_1","Primary education","INST_T","All public and private educational institutions","2014","2014",19.091,,
"SVN","Slovenia","PERS_AVG_CLASS","Average class size","ISCED11_1","Primary education","INST_T","All public and private educational institutions","2015","2015",19.451,,
"SVN","Slovenia","PERS_AVG_CLASS","Average class size","ISCED11_1","Primary education","INST_T","All public and private educational institutions","2016","2016",19.626,,
"SVN","Slovenia","PERS_AVG_CLASS","Average class size","ISCED11_1","Primary education","INST_T","All public and private educational institutions","2017","2017",18.352,,
"SVN","Slovenia","PERS_AVG_CLASS","Average class size","ISCED11_1","Primary education","INST_T","All public and private educational institutions","2018","2018",18.604,,
"SVN","Slovenia","PERS_AVG_CLASS","Average class size","ISCED11_1","Primary education","INST_T","All public and private educational institutions","2019","2019",18.741,,
"SVN","Slovenia","PERS_AVG_CLASS","Average class size","ISCED11_1","Primary education","INST_T","All public and private educational institutions","2020","2020",18.724,,
"SVN","Slovenia","PERS_AVG_CLASS","Average class size","ISCED11_1","Primary education","INST_T","All public and private educational institutions","2021","2021",18.566,,
"OAVG","OECD - Average","PERS_AVG_CLASS","Average class size","ISCED11_1","Primary education","INST_T","All public and private educational institutions","2013","2013",21.624,,
"OAVG","OECD - Average","PERS_AVG_CLASS","Average class size","ISCED11_1","Primary education","INST_T","All public and private educational institutions","2014","2014",21.431,,
"OAVG","OECD - Average","PERS_AVG_CLASS","Average class size","ISCED11_1","Primary education","INST_T","All public and private educational institutions","2015","2015",21.472,,
"OAVG","OECD - Average","PERS_AVG_CLASS","Average class size","ISCED11_1","Primary education","INST_T","All public and private educational institutions","2016","2016",21.677,,
"OAVG","OECD - Average","PERS_AVG_CLASS","Average class size","ISCED11_1","Primary education","INST_T","All public and private educational institutions","2017","2017",21.668,,
"OAVG","OECD - Average","PERS_AVG_CLASS","Average class size","ISCED11_1","Primary education","INST_T","All public and private educational institutions","2018","2018",21.839,,
"OAVG","OECD - Average","PERS_AVG_CLASS","Average class size","ISCED11_1","Primary education","INST_T","All public and private educational institutions","2019","2019",21.074,,
"OAVG","OECD - Average","PERS_AVG_CLASS","Average class size","ISCED11_1","Primary education","INST_T","All public and private educational institutions","2020","2020",20.957,,
"OAVG","OECD - Average","PERS_AVG_CLASS","Average class size","ISCED11_1","Primary education","INST_T","All public and private educational institutions","2021","2021",20.573,,
"BGR","Bulgaria","PERS_AVG_CLASS","Average class size","ISCED11_1","Primary education","INST_T","All public and private educational institutions","2021","2021",18.535,,
"EU25","European Union (25 countries)","PERS_AVG_CLASS","Average class size","ISCED11_1","Primary education","INST_T","All public and private educational institutions","2013","2013",18.912,,
"EU25","European Union (25 countries)","PERS_AVG_CLASS","Average class size","ISCED11_1","Primary education","INST_T","All public and private educational institutions","2014","2014",19.03,,
"EU25","European Union (25 countries)","PERS_AVG_CLASS","Average class size","ISCED11_1","Primary education","INST_T","All public and private educational institutions","2015","2015",19.248,,
"EU25","European Union (25 countries)","PERS_AVG_CLASS","Average class size","ISCED11_1","Primary education","INST_T","All public and private educational institutions","2016","2016",19.453,,
"EU25","European Union (25 countries)","PERS_AVG_CLASS","Average class size","ISCED11_1","Primary education","INST_T","All public and private educational institutions","2017","2017",19.4,,
"EU25","European Union (25 countries)","PERS_AVG_CLASS","Average class size","ISCED11_1","Primary education","INST_T","All public and private educational institutions","2018","2018",19.521,,
"EU25","European Union (25 countries)","PERS_AVG_CLASS","Average class size","ISCED11_1","Primary education","INST_T","All public and private educational institutions","2019","2019",19.463,,
"EU25","European Union (25 countries)","PERS_AVG_CLASS","Average class size","ISCED11_1","Primary education","INST_T","All public and private educational institutions","2020","2020",19.284,,
"EU25","European Union (25 countries)","PERS_AVG_CLASS","Average class size","ISCED11_1","Primary education","INST_T","All public and private educational institutions","2021","2021",19.878,,
